{
  "project_info": {
    "project_number": "981341030592",
    "firebase_url": "https://wastemanagement-9157c.firebaseio.com",
    "project_id": "wastemanagement-9157c",
    "storage_bucket": "wastemanagement-9157c.appspot.com"
  },
  "client": [
    {
      "client_info": {
        "mobilesdk_app_id": "1:981341030592:android:cc9f0bdbf686caeea6c525",
        "android_client_info": {
          "package_name": "com.example.wastemanagement"
        }
      },
      "oauth_client": [
        {
          "client_id": "981341030592-ubtrr31gga4h1j6ckskmb66o3j3527u6.apps.googleusercontent.com",
          "client_type": 1,
          "android_info": {
            "package_name": "com.example.wastemanagement",
            "certificate_hash": "e1c8a40a229ad0aded615ef6ac1f6a704f61dd69"
          }
        },
        {
          "client_id": "981341030592-bei28n9lmk9fikqs5v1skk0917m9ra30.apps.googleusercontent.com",
          "client_type": 3
        }
      ],
      "api_key": [
        {
          "current_key": "AIzaSyBQJ9RPebEEh59KONFaVIlxTqgif4PzGsU"
        }
      ],
      "services": {
        "appinvite_service": {
          "other_platform_oauth_client": [
            {
              "client_id": "981341030592-bei28n9lmk9fikqs5v1skk0917m9ra30.apps.googleusercontent.com",
              "client_type": 3
            }
          ]
        }
      }
    }
  ],
  "configuration_version": "1"
}